<?xml version="1.0" encoding="UTF-8"?>
<project-private xmlns="http://www.netbeans.org/ns/project-private/1">
    <editor-bookmarks xmlns="http://www.netbeans.org/ns/editor-bookmarks/2" lastBookmarkId="0"/>
    <open-files xmlns="http://www.netbeans.org/ns/projectui-open-files/2">
        <group>
            <file>file:/C:/Users/giova/Documents/Projects/Java/Unip/LPOO_Unip/src/models/Automovel.java</file>
            <file>file:/C:/Users/giova/Documents/Projects/Java/Unip/LPOO_Unip/src/lpoo_unip/LPOO_Unip.java</file>
            <file>file:/C:/Users/giova/Documents/Projects/Java/Unip/LPOO_Unip/src/lpoo_unip/Menu.java</file>
            <file>file:/C:/Users/giova/Documents/Projects/Java/Unip/LPOO_Unip/src/models/Moto.java</file>
            <file>file:/C:/Users/giova/Documents/Projects/Java/Unip/LPOO_Unip/src/models/Motorista.java</file>
            <file>file:/C:/Users/giova/Documents/Projects/Java/Unip/LPOO_Unip/src/models/Veiculo.java</file>
            <file>file:/C:/Users/giova/Documents/Projects/Java/Unip/LPOO_Unip/src/models/Caminhao.java</file>
            <file>file:/C:/Users/giova/Documents/Projects/Java/Unip/LPOO_Unip/src/models/Multa.java</file>
        </group>
    </open-files>
</project-private>
